Name	Coef.	Std. Error	z	Pr(>|z|)	Lower 95%	Upper 95%
(Intercept)	3.761592965248388	0.7145209227120121	5.264496595804375	1.405740043057835e-7	2.3611576905325142	5.162028239964262
AAA	-2.749317896980252	0.7421847946318276	-3.704357616682371	0.00021192710407860705	-4.203973364331893	-1.2946624296286107
AAC	-14.8127289452066	0.8209996144511713	-18.042309258706215	9.067444845128203e-73	-16.42185862085217	-13.203599269561032
AAG	-20.17445785334151	0.7824852312001517	-25.782541380875077	1.391964266969572e-146	-21.708100724928308	-18.640814981754716
AAT	-2.710219855433021	0.7757390681988384	-3.493726133615761	0.00047632938417429014	-4.230640490503408	-1.189799220362634
ACA	13.693063835391172	0.8471945590046737	16.16283259830949	9.222480454689088e-59	12.032593011843714	15.35353465893863
ACC	-45.50621757779411	0.8880328057112672	-51.24384739519397	0.0	-47.24672989407825	-43.76570526150997
ACG	-15.510944699949912	0.9837734244083625	-15.766785638957602	5.266260987907436e-56	-17.439105180737943	-13.58278421916188
ACT	32.6264452994092	0.7712962320065412	42.30079695129705	0.0	31.114732463264925	34.13815813555347
AGA	-22.02691600682686	0.7780576827661554	-28.310132390848754	2.593279772357965e-176	-23.55188104294322	-20.5019509707105
AGC	-49.20483698826024	1.0131453951409426	-48.56641230789502	0.0	-51.190565473839094	-47.21910850268139
AGG	-42.95076271042693	0.9137528217827301	-47.00479351366606	0.0	-44.74168533189293	-41.15984008896093
AGT	1.0821172629457736	0.8079180064793255	1.3393899557472788	0.18044375755705797	-0.5013729322151055	2.6656074581066527
ATA	-38.28540786726906	0.7862911537107629	-48.691133922323566	0.0	-39.826510209904605	-36.74430552463351
ATC	-52.35879745152635	0.8386731864833996	-62.4305132146522	0.0	-54.00256669183326	-50.71502821121944
ATG	53.17403870380114	0.7757640667036387	68.54408574213447	0.0	51.65356907256167	54.6945083350406
ATT	16.420408298018785	0.7494594430759967	21.909668961704874	2.1010369451460174e-106	14.951494781716383	17.88932181432119
CAA	14.966066022094498	0.7644740210321604	19.576945207226206	2.4317343030974655e-85	13.467724473754945	16.46440757043405
CAC	-49.73051713990467	1.0515307980044126	-47.29344802290421	0.0	-51.79147963262798	-47.66955464718136
CAG	17.956071855068636	0.9164418013888728	19.59324839597682	1.7655760912018238e-85	16.15987893041943	19.75226477971784
CAT	-0.6090849892461682	0.7941152655991542	-0.7669982125159349	0.44308257829141545	-2.165522309393973	0.9473523309016364
CCA	-48.013261939350805	0.8582237902395331	-55.94492076006206	0.0	-49.69534965889575	-46.33117421980586
CCC	-40.84852559727523	0.9194056658703799	-44.42927329429157	0.0	-42.65052758956324	-39.046523604987215
CCG	-16.51770531771807	0.9646504692591925	-17.1229951615562	9.99953662775948e-66	-18.408385495135754	-14.627025140300388
CCT	-30.025433386561254	0.847767505686821	-35.41706091015611	9.327977166736292e-275	-31.687027164970782	-28.363839608151725
CGA	27.84481858093282	0.7981018739344303	34.88880240772429	1.0992090475100994e-266	26.280567652027408	29.409069509838233
CGC	6.2409179609003855	1.0817206675262228	5.769435814860304	7.953736460907059e-9	4.120784411216359	8.361051510584412
CGG	-10.585770691021303	0.9777279896593243	-10.826907691074455	2.5667756018058733e-27	-12.502082337430332	-8.669459044612273
CGT	55.80711788456118	0.8496836229916656	65.67987939801516	0.0	54.141768585244	57.47246718387836
CTA	-20.0437713632388	0.8048244902507843	-24.904524658529137	6.646143822342715e-137	-21.62119837800615	-18.466344348471452
CTC	-36.94543933520813	0.9329755801402033	-39.59957808290774	0.0	-38.77403787073829	-35.116840799677966
CTG	-32.36201774961216	0.9207016511119187	-35.14929913564182	1.1914325878558678e-270	-34.166559826298084	-30.55747567292623
CTT	6.714836968158829	0.7614604668867041	8.818365837970566	1.1614225401103981e-18	5.2224018774098315	8.207272058907826
GAA	7.55110567579181	0.7533032649466254	10.02399170050967	1.195738102562661e-23	6.074658407059987	9.027552944523633
GAC	-3.9890466164436953	0.9502645979405218	-4.197827242106071	2.694880812803115e-5	-5.851531004190556	-2.1265622286968346
GAG	-22.17620129198729	0.8922019183714798	-24.855585754024286	2.250190889729796e-136	-23.92488491893294	-20.42751766504164
GAT	13.620472089386123	0.775434468523908	17.564955701948115	4.5705088619200823e-69	12.100648458708303	15.140295720063943
GCA	34.34996281629458	0.795726138179713	43.16807148609301	0.0	32.79036824390519	35.909557388683965
GCC	-29.721845322010996	0.9739784661313299	-30.51591627078472	1.6026769291499536e-204	-31.63080803734597	-27.81288260667602
GCT	27.414806753412215	0.8332488427350616	32.901103904837925	2.119390864747956e-237	25.781669031491813	29.047944475332617
GGA	2.579503537088854	0.7911126712687157	3.2606019733599734	0.0011117598262330975	1.0289511936888935	4.130055880488815
GGC	-14.305259869848241	1.0091238703030605	-14.175920608787184	1.2913842794653076e-45	-16.28310631158191	-12.32741342811457
GGG	-20.166046041442673	0.8992379177603746	-22.42570697159641	2.209576391332432e-111	-21.9285199737858	-18.403572109099546
GGT	34.062730416870465	0.8305293979973938	41.01327478473839	0.0	32.43492270869384	35.69053812504709
GTA	-22.025010161423943	0.8614355793269661	-25.567797163232957	3.481553469622325e-144	-23.713392871906194	-20.33662745094169
GTC	-28.253443685005998	0.8965037361082742	-31.515143269401523	5.387916630068544e-218	-30.01055871978382	-26.496328650228175
GTG	-29.50059737336444	0.9604194569225503	-30.716367896057122	3.441274064880418e-207	-31.38298491898416	-27.618209827744717
GTT	22.92764538269009	0.8334239811012003	27.510181975320496	1.3263154218447631e-166	21.294164395879744	24.56112636950044
TAC	-49.053907854987415	0.8962820268357805	-54.730437949499596	0.0	-50.81058834757611	-47.29722736239872
TAT	14.898825107826253	0.7416268006832348	20.089383358449947	9.139000567289155e-90	13.445263288517445	16.35238692713506
TCA	-27.82397552146684	0.7991132371001929	-34.818564165491686	1.2738950275280745e-265	-29.390208685752437	-26.25774235718124
TCC	-43.54649404747825	0.8586852151210292	-50.71298920797244	0.0	-45.229486143172494	-41.863501951784
TCG	-27.350823951626456	0.905814157874745	-30.19474106675257	2.7767233903729226e-200	-29.12618707774744	-25.575460825505473
TCT	-37.01883249694329	0.772806800420635	-47.901794441759726	0.0	-38.53350599277537	-35.50415900111121
TGC	-73.80500109978449	1.1215585876748184	-65.80574738658531	0.0	-76.00321553817875	-71.60678666139023
TGG	46.89097875613209	0.8126251759315842	57.70308396165158	0.0	45.29826267837566	48.48369483388853
TGT	-31.444338763558346	0.8583591021268637	-36.63308128922356	8.509712350194161e-294	-33.12669168952914	-29.761985837587552
TTA	8.52768640926005	0.7900327810917549	10.7940918571449	3.670734375458444e-27	6.979250611714192	10.076122206805909
TTC	-35.69534377014147	0.7920948652656499	-45.06448070228318	0.0	-37.24782117840125	-34.14286636188169
TTG	0.324733859150572	0.8128391762743208	0.3995056692998017	0.6895206472361453	-1.268401651570304	1.917869369871448
TTT	-29.961804894456904	0.7533545484884913	-39.77118735736235	0.0	-31.438352677083785	-28.485257111830023
orf_length	20.741844075580698	0.12353603020596043	167.90117054109396	0.0	20.499717905583964	20.98397024557743
